8dba01fc-671b-4536-bccc-cb2f8bb4ae05,00f31fd6-37ee-4a34-926e-db1edcaa9596
5f888aea-e8c9-454d-8af3-03a6e63c9b6a,011ff95a-9d3b-485f-90ab-bcf16d9d2538
697ab4f1-b567-41e9-9a8d-e83c7a2ee4c1,009ca6dc-c474-4c7b-832c-61995015a2bf
93a9e6be-3ff3-4523-b23c-23bf1273e7d4,005089d9-9edf-40f1-bebf-7a3eeeccfc51
97f7c34b-836b-4513-b6fa-492270cb2711,012a6bb6-48b7-49f8-9ce6-dc6f0ff2e919
eecbf84c-9dde-495b-b1b1-2dd86a48e8b6,00b74795-71b9-41db-a1a0-0471701f89c6
8b5ed20e-f4a9-4d75-91e2-93efc9a0da0d,005abc36-b362-438b-8d50-5b4934cda40b
925cebba-5be3-47c6-8e2e-f88a4aea0e30,005abc36-b362-438b-8d50-5b4934cda40b
692b7837-25f4-42b3-b0c0-3254b0168fc4,006dfc77-5ec2-4e05-b826-65c22b49f594
094cc464-4b65-445e-87c9-6cec58e0718a,00c9c56f-0566-4274-8fc1-d023caa990b6
